composer,filename,split,path_file
Frederic Chopin,MIDI-Unprocessed_SMF_05_R1_2004_01_ORIG_MID--AUDIO_05_R1_2004_02_Track02_wav.midi,train,dataset/midi/Frederic_Chopin/MIDI-Unprocessed_SMF_05_R1_2004_01_ORIG_MID--AUDIO_05_R1_2004_02_Track02_wav.midi
Frederic Chopin,MIDI-Unprocessed_SMF_05_R1_2004_01_ORIG_MID--AUDIO_05_R1_2004_03_Track03_wav.midi,train,dataset/midi/Frederic_Chopin/MIDI-Unprocessed_SMF_05_R1_2004_01_ORIG_MID--AUDIO_05_R1_2004_03_Track03_wav.midi
Frederic Chopin,MIDI-Unprocessed_XP_06_R1_2004_01_ORIG_MID--AUDIO_06_R1_2004_01_Track01_wav.midi,train,dataset/midi/Frederic_Chopin/MIDI-Unprocessed_XP_06_R1_2004_01_ORIG_MID--AUDIO_06_R1_2004_01_Track01_wav.midi
Frederic Chopin,MIDI-Unprocessed_10_R3_2008_01-05_ORIG_MID--AUDIO_10_R3_2008_wav--5.midi,train,dataset/midi/Frederic_Chopin/MIDI-Unprocessed_10_R3_2008_01-05_ORIG_MID--AUDIO_10_R3_2008_wav--5.midi
Frederic Chopin,MIDI-Unprocessed_11_R3_2008_01-04_ORIG_MID--AUDIO_11_R3_2008_wav--4.midi,train,dataset/midi/Frederic_Chopin/MIDI-Unprocessed_11_R3_2008_01-04_ORIG_MID--AUDIO_11_R3_2008_wav--4.midi
Frederic Chopin,MIDI-Unprocessed_13_R1_2009_01-03_ORIG_MID--AUDIO_13_R1_2009_13_R1_2009_03_WAV.midi,train,dataset/midi/Frederic_Chopin/MIDI-Unprocessed_13_R1_2009_01-03_ORIG_MID--AUDIO_13_R1_2009_13_R1_2009_03_WAV.midi
Frederic Chopin,MIDI-Unprocessed_21_R1_2009_01-03_ORIG_MID--AUDIO_21_R1_2009_21_R1_2009_03_WAV.midi,train,dataset/midi/Frederic_Chopin/MIDI-Unprocessed_21_R1_2009_01-03_ORIG_MID--AUDIO_21_R1_2009_21_R1_2009_03_WAV.midi
Frederic Chopin,MIDI-Unprocessed_04_R3_2011_MID--AUDIO_R3-D2_06_Track06_wav.midi,train,dataset/midi/Frederic_Chopin/MIDI-Unprocessed_04_R3_2011_MID--AUDIO_R3-D2_06_Track06_wav.midi
Frederic Chopin,MIDI-Unprocessed_06_R1_2011_MID--AUDIO_R1-D2_17_Track17_wav.midi,train,dataset/midi/Frederic_Chopin/MIDI-Unprocessed_06_R1_2011_MID--AUDIO_R1-D2_17_Track17_wav.midi
Frederic Chopin,MIDI-Unprocessed_071_PIANO071_MID--AUDIO-split_07-08-17_Piano-e_1-04_wav--3.midi,train,dataset/midi/Frederic_Chopin/MIDI-Unprocessed_071_PIANO071_MID--AUDIO-split_07-08-17_Piano-e_1-04_wav--3.midi
Frederic Chopin,MIDI-Unprocessed_082_PIANO082_MID--AUDIO-split_07-09-17_Piano-e_2_-04_wav--2.midi,train,dataset/midi/Frederic_Chopin/MIDI-Unprocessed_082_PIANO082_MID--AUDIO-split_07-09-17_Piano-e_2_-04_wav--2.midi
Frederic Chopin,MIDI-UNPROCESSED_04-05_R1_2014_MID--AUDIO_05_R1_2014_wav--7.midi,train,dataset/midi/Frederic_Chopin/MIDI-UNPROCESSED_04-05_R1_2014_MID--AUDIO_05_R1_2014_wav--7.midi
Frederic Chopin,MIDI-Unprocessed_R2_D1-2-3-6-7-8-11_mid--AUDIO-from_mp3_11_R2_2015_wav--4.midi,train,dataset/midi/Frederic_Chopin/MIDI-Unprocessed_R2_D1-2-3-6-7-8-11_mid--AUDIO-from_mp3_11_R2_2015_wav--4.midi
Frederic Chopin,MIDI-Unprocessed_R2_D2-19-21-22_mid--AUDIO-from_mp3_22_R2_2015_wav--4.midi,train,dataset/midi/Frederic_Chopin/MIDI-Unprocessed_R2_D2-19-21-22_mid--AUDIO-from_mp3_22_R2_2015_wav--4.midi
Frederic Chopin,ORIG-MIDI_01_7_7_13_Group__MID--AUDIO_14_R1_2013_wav--4.midi,train,dataset/midi/Frederic_Chopin/ORIG-MIDI_01_7_7_13_Group__MID--AUDIO_14_R1_2013_wav--4.midi
Frederic Chopin,MIDI-Unprocessed_04_R1_2006_01-04_ORIG_MID--AUDIO_04_R1_2006_01_Track01_wav.midi,train,dataset/midi/Frederic_Chopin/MIDI-Unprocessed_04_R1_2006_01-04_ORIG_MID--AUDIO_04_R1_2006_01_Track01_wav.midi
Frederic Chopin,MIDI-Unprocessed_SMF_12_01_2004_01-05_ORIG_MID--AUDIO_12_R1_2004_07_Track07_wav.midi,train,dataset/midi/Frederic_Chopin/MIDI-Unprocessed_SMF_12_01_2004_01-05_ORIG_MID--AUDIO_12_R1_2004_07_Track07_wav.midi
Frederic Chopin,MIDI-Unprocessed_SMF_17_R1_2004_01-03_ORIG_MID--AUDIO_17_R1_2004_06_Track06_wav.midi,train,dataset/midi/Frederic_Chopin/MIDI-Unprocessed_SMF_17_R1_2004_01-03_ORIG_MID--AUDIO_17_R1_2004_06_Track06_wav.midi
Frederic Chopin,MIDI-Unprocessed_SMF_17_R1_2004_03-06_ORIG_MID--AUDIO_20_R2_2004_12_Track12_wav--2.midi,train,dataset/midi/Frederic_Chopin/MIDI-Unprocessed_SMF_17_R1_2004_03-06_ORIG_MID--AUDIO_20_R2_2004_12_Track12_wav--2.midi
Frederic Chopin,MIDI-Unprocessed_R2_D2-12-13-15_mid--AUDIO-from_mp3_12_R2_2015_wav--5.midi,train,dataset/midi/Frederic_Chopin/MIDI-Unprocessed_R2_D2-12-13-15_mid--AUDIO-from_mp3_12_R2_2015_wav--5.midi
Frederic Chopin,ORIG-MIDI_02_7_8_13_Group__MID--AUDIO_12_R2_2013_wav--3.midi,train,dataset/midi/Frederic_Chopin/ORIG-MIDI_02_7_8_13_Group__MID--AUDIO_12_R2_2013_wav--3.midi
Frederic Chopin,ORIG-MIDI_01_7_10_13_Group_MID--AUDIO_08_R3_2013_wav--3.midi,train,dataset/midi/Frederic_Chopin/ORIG-MIDI_01_7_10_13_Group_MID--AUDIO_08_R3_2013_wav--3.midi
Frederic Chopin,MIDI-Unprocessed_04_R2_2011_MID--AUDIO_R2-D2_03_Track03_wav.midi,train,dataset/midi/Frederic_Chopin/MIDI-Unprocessed_04_R2_2011_MID--AUDIO_R2-D2_03_Track03_wav.midi
Frederic Chopin,MIDI-Unprocessed_17_R1_2011_MID--AUDIO_R1-D7_05_Track05_wav.midi,train,dataset/midi/Frederic_Chopin/MIDI-Unprocessed_17_R1_2011_MID--AUDIO_R1-D7_05_Track05_wav.midi
Frederic Chopin,MIDI-Unprocessed_18_R1_2011_MID--AUDIO_R1-D7_10_Track10_wav.midi,train,dataset/midi/Frederic_Chopin/MIDI-Unprocessed_18_R1_2011_MID--AUDIO_R1-D7_10_Track10_wav.midi
Frederic Chopin,MIDI-Unprocessed_046_PIANO046_MID--AUDIO-split_07-06-17_Piano-e_2-02_wav--4.midi,train,dataset/midi/Frederic_Chopin/MIDI-Unprocessed_046_PIANO046_MID--AUDIO-split_07-06-17_Piano-e_2-02_wav--4.midi
Frederic Chopin,MIDI-Unprocessed_02_R3_2008_01-03_ORIG_MID--AUDIO_02_R3_2008_wav--2.midi,train,dataset/midi/Frederic_Chopin/MIDI-Unprocessed_02_R3_2008_01-03_ORIG_MID--AUDIO_02_R3_2008_wav--2.midi
Frederic Chopin,MIDI-Unprocessed_03_R1_2009_03-08_ORIG_MID--AUDIO_03_R1_2009_03_R1_2009_04_WAV.midi,train,dataset/midi/Frederic_Chopin/MIDI-Unprocessed_03_R1_2009_03-08_ORIG_MID--AUDIO_03_R1_2009_03_R1_2009_04_WAV.midi
Frederic Chopin,MIDI-Unprocessed_15_R1_2008_01-04_ORIG_MID--AUDIO_15_R1_2008_wav--3.midi,train,dataset/midi/Frederic_Chopin/MIDI-Unprocessed_15_R1_2008_01-04_ORIG_MID--AUDIO_15_R1_2008_wav--3.midi
Frederic Chopin,MIDI-Unprocessed_050_PIANO050_MID--AUDIO-split_07-06-17_Piano-e_3-01_wav--4.midi,train,dataset/midi/Frederic_Chopin/MIDI-Unprocessed_050_PIANO050_MID--AUDIO-split_07-06-17_Piano-e_3-01_wav--4.midi
Frederic Chopin,MIDI-Unprocessed_07_R2_2008_01-05_ORIG_MID--AUDIO_07_R2_2008_wav--4.midi,train,dataset/midi/Frederic_Chopin/MIDI-Unprocessed_07_R2_2008_01-05_ORIG_MID--AUDIO_07_R2_2008_wav--4.midi
Frederic Chopin,MIDI-Unprocessed_10_R2_2011_MID--AUDIO_R2-D3_11_Track11_wav.midi,train,dataset/midi/Frederic_Chopin/MIDI-Unprocessed_10_R2_2011_MID--AUDIO_R2-D3_11_Track11_wav.midi
Frederic Chopin,MIDI-Unprocessed_08_R1_2008_01-05_ORIG_MID--AUDIO_08_R1_2008_wav--4.midi,train,dataset/midi/Frederic_Chopin/MIDI-Unprocessed_08_R1_2008_01-05_ORIG_MID--AUDIO_08_R1_2008_wav--4.midi
Frederic Chopin,MIDI-Unprocessed_12_R3_2008_01-04_ORIG_MID--AUDIO_12_R3_2008_wav--2.midi,train,dataset/midi/Frederic_Chopin/MIDI-Unprocessed_12_R3_2008_01-04_ORIG_MID--AUDIO_12_R3_2008_wav--2.midi
Frederic Chopin,MIDI-UNPROCESSED_01-03_R1_2014_MID--AUDIO_03_R1_2014_wav--5.midi,train,dataset/midi/Frederic_Chopin/MIDI-UNPROCESSED_01-03_R1_2014_MID--AUDIO_03_R1_2014_wav--5.midi
Frederic Chopin,ORIG-MIDI_02_7_7_13_Group__MID--AUDIO_17_R1_2013_wav--4.midi,train,dataset/midi/Frederic_Chopin/ORIG-MIDI_02_7_7_13_Group__MID--AUDIO_17_R1_2013_wav--4.midi
Frederic Chopin,MIDI-Unprocessed_12_R1_2011_MID--AUDIO_R1-D4_14_Track14_wav.midi,train,dataset/midi/Frederic_Chopin/MIDI-Unprocessed_12_R1_2011_MID--AUDIO_R1-D4_14_Track14_wav.midi
Frederic Chopin,MIDI-Unprocessed_051_PIANO051_MID--AUDIO-split_07-06-17_Piano-e_3-02_wav--4.midi,train,dataset/midi/Frederic_Chopin/MIDI-Unprocessed_051_PIANO051_MID--AUDIO-split_07-06-17_Piano-e_3-02_wav--4.midi
Frederic Chopin,MIDI-Unprocessed_09_R3_2008_01-07_ORIG_MID--AUDIO_09_R3_2008_wav--5.midi,train,dataset/midi/Frederic_Chopin/MIDI-Unprocessed_09_R3_2008_01-07_ORIG_MID--AUDIO_09_R3_2008_wav--5.midi
Frederic Chopin,MIDI-Unprocessed_13_R1_2006_01-06_ORIG_MID--AUDIO_13_R1_2006_06_Track06_wav.midi,train,dataset/midi/Frederic_Chopin/MIDI-Unprocessed_13_R1_2006_01-06_ORIG_MID--AUDIO_13_R1_2006_06_Track06_wav.midi
Frederic Chopin,ORIG-MIDI_03_7_10_13_Group_MID--AUDIO_18_R3_2013_wav--1.midi,train,dataset/midi/Frederic_Chopin/ORIG-MIDI_03_7_10_13_Group_MID--AUDIO_18_R3_2013_wav--1.midi
Frederic Chopin,MIDI-Unprocessed_10_R1_2009_03-05_ORIG_MID--AUDIO_10_R1_2009_10_R1_2009_03_WAV.midi,train,dataset/midi/Frederic_Chopin/MIDI-Unprocessed_10_R1_2009_03-05_ORIG_MID--AUDIO_10_R1_2009_10_R1_2009_03_WAV.midi
Frederic Chopin,MIDI-Unprocessed_08_R3_2008_01-05_ORIG_MID--AUDIO_08_R3_2008_wav--1.midi,train,dataset/midi/Frederic_Chopin/MIDI-Unprocessed_08_R3_2008_01-05_ORIG_MID--AUDIO_08_R3_2008_wav--1.midi
Frederic Chopin,ORIG-MIDI_01_7_10_13_Group_MID--AUDIO_07_R3_2013_wav--3.midi,train,dataset/midi/Frederic_Chopin/ORIG-MIDI_01_7_10_13_Group_MID--AUDIO_07_R3_2013_wav--3.midi
Frederic Chopin,MIDI-Unprocessed_049_PIANO049_MID--AUDIO-split_07-06-17_Piano-e_2-06_wav--5.midi,train,dataset/midi/Frederic_Chopin/MIDI-Unprocessed_049_PIANO049_MID--AUDIO-split_07-06-17_Piano-e_2-06_wav--5.midi
Frederic Chopin,MIDI-Unprocessed_14_R1_2008_01-05_ORIG_MID--AUDIO_14_R1_2008_wav--4.midi,validation,dataset/midi/Frederic_Chopin/MIDI-Unprocessed_14_R1_2008_01-05_ORIG_MID--AUDIO_14_R1_2008_wav--4.midi
Frederic Chopin,MIDI-Unprocessed_083_PIANO083_MID--AUDIO-split_07-09-17_Piano-e_2_-06_wav--5.midi,validation,dataset/midi/Frederic_Chopin/MIDI-Unprocessed_083_PIANO083_MID--AUDIO-split_07-09-17_Piano-e_2_-06_wav--5.midi
Frederic Chopin,MIDI-UNPROCESSED_04-05_R1_2014_MID--AUDIO_05_R1_2014_wav--4.midi,validation,dataset/midi/Frederic_Chopin/MIDI-UNPROCESSED_04-05_R1_2014_MID--AUDIO_05_R1_2014_wav--4.midi
Frederic Chopin,MIDI-Unprocessed_R1_D1-9-12_mid--AUDIO-from_mp3_09_R1_2015_wav--4.midi,validation,dataset/midi/Frederic_Chopin/MIDI-Unprocessed_R1_D1-9-12_mid--AUDIO-from_mp3_09_R1_2015_wav--4.midi
Frederic Chopin,MIDI-Unprocessed_25_R3_2011_MID--AUDIO_R3-D9_05_Track05_wav.midi,validation,dataset/midi/Frederic_Chopin/MIDI-Unprocessed_25_R3_2011_MID--AUDIO_R3-D9_05_Track05_wav.midi
Frederic Chopin,MIDI-Unprocessed_SMF_17_R1_2004_04_ORIG_MID--AUDIO_17_R1_2004_09_Track09_wav.midi,train,dataset/midi/Frederic_Chopin/MIDI-Unprocessed_SMF_17_R1_2004_04_ORIG_MID--AUDIO_17_R1_2004_09_Track09_wav.midi
Frederic Chopin,MIDI-Unprocessed_SMF_17_R1_2004_04_ORIG_MID--AUDIO_17_R1_2004_11_Track11_wav.midi,train,dataset/midi/Frederic_Chopin/MIDI-Unprocessed_SMF_17_R1_2004_04_ORIG_MID--AUDIO_17_R1_2004_11_Track11_wav.midi
Frederic Chopin,MIDI-Unprocessed_R1_D1-1-8_mid--AUDIO-from_mp3_03_R1_2015_wav--2.midi,train,dataset/midi/Frederic_Chopin/MIDI-Unprocessed_R1_D1-1-8_mid--AUDIO-from_mp3_03_R1_2015_wav--2.midi
Frederic Chopin,MIDI-Unprocessed_R1_D1-9-12_mid--AUDIO-from_mp3_10_R1_2015_wav--2.midi,train,dataset/midi/Frederic_Chopin/MIDI-Unprocessed_R1_D1-9-12_mid--AUDIO-from_mp3_10_R1_2015_wav--2.midi
Frederic Chopin,MIDI-Unprocessed_R1_D1-9-12_mid--AUDIO-from_mp3_12_R1_2015_wav--4.midi,train,dataset/midi/Frederic_Chopin/MIDI-Unprocessed_R1_D1-9-12_mid--AUDIO-from_mp3_12_R1_2015_wav--4.midi
Frederic Chopin,MIDI-Unprocessed_R1_D2-13-20_mid--AUDIO-from_mp3_20_R1_2015_wav--3.midi,train,dataset/midi/Frederic_Chopin/MIDI-Unprocessed_R1_D2-13-20_mid--AUDIO-from_mp3_20_R1_2015_wav--3.midi
Frederic Chopin,ORIG-MIDI_02_7_7_13_Group__MID--AUDIO_19_R1_2013_wav--3.midi,train,dataset/midi/Frederic_Chopin/ORIG-MIDI_02_7_7_13_Group__MID--AUDIO_19_R1_2013_wav--3.midi
Frederic Chopin,MIDI-Unprocessed_042_PIANO042_MID--AUDIO-split_07-06-17_Piano-e_1-02_wav--2.midi,train,dataset/midi/Frederic_Chopin/MIDI-Unprocessed_042_PIANO042_MID--AUDIO-split_07-06-17_Piano-e_1-02_wav--2.midi
Frederic Chopin,MIDI-Unprocessed_043_PIANO043_MID--AUDIO-split_07-06-17_Piano-e_1-03_wav--3.midi,train,dataset/midi/Frederic_Chopin/MIDI-Unprocessed_043_PIANO043_MID--AUDIO-split_07-06-17_Piano-e_1-03_wav--3.midi
Frederic Chopin,MIDI-Unprocessed_059_PIANO059_MID--AUDIO-split_07-07-17_Piano-e_2-03_wav--3.midi,train,dataset/midi/Frederic_Chopin/MIDI-Unprocessed_059_PIANO059_MID--AUDIO-split_07-07-17_Piano-e_2-03_wav--3.midi
Frederic Chopin,MIDI-Unprocessed_053_PIANO053_MID--AUDIO-split_07-06-17_Piano-e_3-04_wav--2.midi,train,dataset/midi/Frederic_Chopin/MIDI-Unprocessed_053_PIANO053_MID--AUDIO-split_07-06-17_Piano-e_3-04_wav--2.midi
Frederic Chopin,MIDI-Unprocessed_R1_D1-1-8_mid--AUDIO-from_mp3_05_R1_2015_wav--4.midi,test,dataset/midi/Frederic_Chopin/MIDI-Unprocessed_R1_D1-1-8_mid--AUDIO-from_mp3_05_R1_2015_wav--4.midi
Frederic Chopin,MIDI-Unprocessed_R1_D1-1-8_mid--AUDIO-from_mp3_06_R1_2015_wav--6.midi,test,dataset/midi/Frederic_Chopin/MIDI-Unprocessed_R1_D1-1-8_mid--AUDIO-from_mp3_06_R1_2015_wav--6.midi
Frederic Chopin,MIDI-Unprocessed_R1_D1-9-12_mid--AUDIO-from_mp3_11_R1_2015_wav--3.midi,test,dataset/midi/Frederic_Chopin/MIDI-Unprocessed_R1_D1-9-12_mid--AUDIO-from_mp3_11_R1_2015_wav--3.midi
Frederic Chopin,MIDI-Unprocessed_R1_D2-21-22_mid--AUDIO-from_mp3_22_R1_2015_wav--3.midi,test,dataset/midi/Frederic_Chopin/MIDI-Unprocessed_R1_D2-21-22_mid--AUDIO-from_mp3_22_R1_2015_wav--3.midi
Frederic Chopin,MIDI-Unprocessed_07_R1_2011_MID--AUDIO_R1-D3_03_Track03_wav.midi,test,dataset/midi/Frederic_Chopin/MIDI-Unprocessed_07_R1_2011_MID--AUDIO_R1-D3_03_Track03_wav.midi
Frederic Chopin,MIDI-Unprocessed_R1_D2-13-20_mid--AUDIO-from_mp3_15_R1_2015_wav--2.midi,train,dataset/midi/Frederic_Chopin/MIDI-Unprocessed_R1_D2-13-20_mid--AUDIO-from_mp3_15_R1_2015_wav--2.midi
Frederic Chopin,ORIG-MIDI_02_7_6_13_Group__MID--AUDIO_06_R1_2013_wav--3.midi,train,dataset/midi/Frederic_Chopin/ORIG-MIDI_02_7_6_13_Group__MID--AUDIO_06_R1_2013_wav--3.midi
Frederic Chopin,MIDI-Unprocessed_070_PIANO070_MID--AUDIO-split_07-08-17_Piano-e_1-02_wav--2.midi,train,dataset/midi/Frederic_Chopin/MIDI-Unprocessed_070_PIANO070_MID--AUDIO-split_07-08-17_Piano-e_1-02_wav--2.midi
Frederic Chopin,ORIG-MIDI_02_7_6_13_Group__MID--AUDIO_08_R1_2013_wav--3.midi,train,dataset/midi/Frederic_Chopin/ORIG-MIDI_02_7_6_13_Group__MID--AUDIO_08_R1_2013_wav--3.midi
Frederic Chopin,ORIG-MIDI_01_7_7_13_Group__MID--AUDIO_14_R1_2013_wav--3.midi,train,dataset/midi/Frederic_Chopin/ORIG-MIDI_01_7_7_13_Group__MID--AUDIO_14_R1_2013_wav--3.midi
Frederic Chopin,MIDI-Unprocessed_01_R1_2011_MID--AUDIO_R1-D1_05_Track05_wav.midi,train,dataset/midi/Frederic_Chopin/MIDI-Unprocessed_01_R1_2011_MID--AUDIO_R1-D1_05_Track05_wav.midi
Frederic Chopin,MIDI-Unprocessed_18_R1_2011_MID--AUDIO_R1-D7_09_Track09_wav.midi,train,dataset/midi/Frederic_Chopin/MIDI-Unprocessed_18_R1_2011_MID--AUDIO_R1-D7_09_Track09_wav.midi
Frederic Chopin,MIDI-Unprocessed_21_R1_2011_MID--AUDIO_R1-D8_09_Track09_wav.midi,train,dataset/midi/Frederic_Chopin/MIDI-Unprocessed_21_R1_2011_MID--AUDIO_R1-D8_09_Track09_wav.midi
Frederic Chopin,MIDI-Unprocessed_03_R1_2008_01-04_ORIG_MID--AUDIO_03_R1_2008_wav--3.midi,train,dataset/midi/Frederic_Chopin/MIDI-Unprocessed_03_R1_2008_01-04_ORIG_MID--AUDIO_03_R1_2008_wav--3.midi
Frederic Chopin,MIDI-Unprocessed_044_PIANO044_MID--AUDIO-split_07-06-17_Piano-e_1-04_wav--3.midi,train,dataset/midi/Frederic_Chopin/MIDI-Unprocessed_044_PIANO044_MID--AUDIO-split_07-06-17_Piano-e_1-04_wav--3.midi
Frederic Chopin,MIDI-Unprocessed_049_PIANO049_MID--AUDIO-split_07-06-17_Piano-e_2-06_wav--3.midi,train,dataset/midi/Frederic_Chopin/MIDI-Unprocessed_049_PIANO049_MID--AUDIO-split_07-06-17_Piano-e_2-06_wav--3.midi
Frederic Chopin,MIDI-Unprocessed_067_PIANO067_MID--AUDIO-split_07-07-17_Piano-e_3-03_wav--3.midi,train,dataset/midi/Frederic_Chopin/MIDI-Unprocessed_067_PIANO067_MID--AUDIO-split_07-07-17_Piano-e_3-03_wav--3.midi
Frederic Chopin,MIDI-Unprocessed_058_PIANO058_MID--AUDIO-split_07-07-17_Piano-e_2-02_wav--2.midi,validation,dataset/midi/Frederic_Chopin/MIDI-Unprocessed_058_PIANO058_MID--AUDIO-split_07-07-17_Piano-e_2-02_wav--2.midi
Frederic Chopin,MIDI-Unprocessed_060_PIANO060_MID--AUDIO-split_07-07-17_Piano-e_2-04_wav--3.midi,validation,dataset/midi/Frederic_Chopin/MIDI-Unprocessed_060_PIANO060_MID--AUDIO-split_07-07-17_Piano-e_2-04_wav--3.midi
Frederic Chopin,MIDI-Unprocessed_062_PIANO062_MID--AUDIO-split_07-07-17_Piano-e_2-07_wav--3.midi,validation,dataset/midi/Frederic_Chopin/MIDI-Unprocessed_062_PIANO062_MID--AUDIO-split_07-07-17_Piano-e_2-07_wav--3.midi
Frederic Chopin,MIDI-Unprocessed_R1_D1-9-12_mid--AUDIO-from_mp3_09_R1_2015_wav--3.midi,train,dataset/midi/Frederic_Chopin/MIDI-Unprocessed_R1_D1-9-12_mid--AUDIO-from_mp3_09_R1_2015_wav--3.midi
Frederic Chopin,ORIG-MIDI_02_7_7_13_Group__MID--AUDIO_17_R1_2013_wav--3.midi,train,dataset/midi/Frederic_Chopin/ORIG-MIDI_02_7_7_13_Group__MID--AUDIO_17_R1_2013_wav--3.midi
Frederic Chopin,MIDI-Unprocessed_15_R1_2008_01-04_ORIG_MID--AUDIO_15_R1_2008_wav--4.midi,train,dataset/midi/Frederic_Chopin/MIDI-Unprocessed_15_R1_2008_01-04_ORIG_MID--AUDIO_15_R1_2008_wav--4.midi
Frederic Chopin,MIDI-Unprocessed_04_R1_2011_MID--AUDIO_R1-D2_04_Track04_wav.midi,train,dataset/midi/Frederic_Chopin/MIDI-Unprocessed_04_R1_2011_MID--AUDIO_R1-D2_04_Track04_wav.midi
Frederic Chopin,MIDI-Unprocessed_19_R1_2011_MID--AUDIO_R1-D7_14_Track14_wav.midi,train,dataset/midi/Frederic_Chopin/MIDI-Unprocessed_19_R1_2011_MID--AUDIO_R1-D7_14_Track14_wav.midi
Frederic Chopin,MIDI-Unprocessed_R1_D1-1-8_mid--AUDIO-from_mp3_07_R1_2015_wav--3.midi,train,dataset/midi/Frederic_Chopin/MIDI-Unprocessed_R1_D1-1-8_mid--AUDIO-from_mp3_07_R1_2015_wav--3.midi
Frederic Chopin,ORIG-MIDI_03_7_6_13_Group__MID--AUDIO_10_R1_2013_wav--3.midi,train,dataset/midi/Frederic_Chopin/ORIG-MIDI_03_7_6_13_Group__MID--AUDIO_10_R1_2013_wav--3.midi
Frederic Chopin,MIDI-Unprocessed_056_PIANO056_MID--AUDIO-split_07-07-17_Piano-e_1-05_wav--2.midi,train,dataset/midi/Frederic_Chopin/MIDI-Unprocessed_056_PIANO056_MID--AUDIO-split_07-07-17_Piano-e_1-05_wav--2.midi
Frederic Chopin,MIDI-Unprocessed_057_PIANO057_MID--AUDIO-split_07-07-17_Piano-e_1-07_wav--4.midi,train,dataset/midi/Frederic_Chopin/MIDI-Unprocessed_057_PIANO057_MID--AUDIO-split_07-07-17_Piano-e_1-07_wav--4.midi
Frederic Chopin,ORIG-MIDI_02_7_7_13_Group__MID--AUDIO_18_R1_2013_wav--5.midi,train,dataset/midi/Frederic_Chopin/ORIG-MIDI_02_7_7_13_Group__MID--AUDIO_18_R1_2013_wav--5.midi
Frederic Chopin,MIDI-Unprocessed_20_R1_2011_MID--AUDIO_R1-D8_03_Track03_wav.midi,train,dataset/midi/Frederic_Chopin/MIDI-Unprocessed_20_R1_2011_MID--AUDIO_R1-D8_03_Track03_wav.midi
Frederic Chopin,MIDI-Unprocessed_22_R1_2011_MID--AUDIO_R1-D8_11_Track11_wav.midi,train,dataset/midi/Frederic_Chopin/MIDI-Unprocessed_22_R1_2011_MID--AUDIO_R1-D8_11_Track11_wav.midi
Frederic Chopin,MIDI-Unprocessed_041_PIANO041_MID--AUDIO-split_07-06-17_Piano-e_1-01_wav--3.midi,train,dataset/midi/Frederic_Chopin/MIDI-Unprocessed_041_PIANO041_MID--AUDIO-split_07-06-17_Piano-e_1-01_wav--3.midi
Frederic Chopin,MIDI-Unprocessed_R1_D1-1-8_mid--AUDIO-from_mp3_08_R1_2015_wav--3.midi,train,dataset/midi/Frederic_Chopin/MIDI-Unprocessed_R1_D1-1-8_mid--AUDIO-from_mp3_08_R1_2015_wav--3.midi
Frederic Chopin,MIDI-Unprocessed_R1_D2-13-20_mid--AUDIO-from_mp3_18_R1_2015_wav--2.midi,train,dataset/midi/Frederic_Chopin/MIDI-Unprocessed_R1_D2-13-20_mid--AUDIO-from_mp3_18_R1_2015_wav--2.midi
Frederic Chopin,ORIG-MIDI_02_7_8_13_Group__MID--AUDIO_08_R2_2013_wav--2.midi,train,dataset/midi/Frederic_Chopin/ORIG-MIDI_02_7_8_13_Group__MID--AUDIO_08_R2_2013_wav--2.midi
Frederic Chopin,MIDI-Unprocessed_11_R1_2008_01-04_ORIG_MID--AUDIO_11_R1_2008_wav--4.midi,train,dataset/midi/Frederic_Chopin/MIDI-Unprocessed_11_R1_2008_01-04_ORIG_MID--AUDIO_11_R1_2008_wav--4.midi
Frederic Chopin,MIDI-Unprocessed_11_R1_2011_MID--AUDIO_R1-D4_09_Track09_wav.midi,train,dataset/midi/Frederic_Chopin/MIDI-Unprocessed_11_R1_2011_MID--AUDIO_R1-D4_09_Track09_wav.midi
Frederic Chopin,MIDI-Unprocessed_13_R1_2011_MID--AUDIO_R1-D5_03_Track03_wav.midi,train,dataset/midi/Frederic_Chopin/MIDI-Unprocessed_13_R1_2011_MID--AUDIO_R1-D5_03_Track03_wav.midi
Frederic Chopin,MIDI-Unprocessed_16_R1_2011_MID--AUDIO_R1-D6_13_Track13_wav.midi,train,dataset/midi/Frederic_Chopin/MIDI-Unprocessed_16_R1_2011_MID--AUDIO_R1-D6_13_Track13_wav.midi
Frederic Chopin,MIDI-Unprocessed_17_R1_2011_MID--AUDIO_R1-D7_04_Track04_wav.midi,train,dataset/midi/Frederic_Chopin/MIDI-Unprocessed_17_R1_2011_MID--AUDIO_R1-D7_04_Track04_wav.midi
Frederic Chopin,MIDI-Unprocessed_051_PIANO051_MID--AUDIO-split_07-06-17_Piano-e_3-02_wav--3.midi,train,dataset/midi/Frederic_Chopin/MIDI-Unprocessed_051_PIANO051_MID--AUDIO-split_07-06-17_Piano-e_3-02_wav--3.midi
Frederic Chopin,MIDI-Unprocessed_R1_D1-1-8_mid--AUDIO-from_mp3_04_R1_2015_wav--4.midi,train,dataset/midi/Frederic_Chopin/MIDI-Unprocessed_R1_D1-1-8_mid--AUDIO-from_mp3_04_R1_2015_wav--4.midi
Frederic Chopin,MIDI-Unprocessed_R1_D2-13-20_mid--AUDIO-from_mp3_14_R1_2015_wav--4.midi,train,dataset/midi/Frederic_Chopin/MIDI-Unprocessed_R1_D2-13-20_mid--AUDIO-from_mp3_14_R1_2015_wav--4.midi
Frederic Chopin,MIDI-Unprocessed_09_R1_2011_MID--AUDIO_R1-D3_14_Track14_wav.midi,train,dataset/midi/Frederic_Chopin/MIDI-Unprocessed_09_R1_2011_MID--AUDIO_R1-D3_14_Track14_wav.midi
Frederic Chopin,MIDI-Unprocessed_09_R2_2008_01-05_ORIG_MID--AUDIO_09_R2_2008_wav--2.midi,train,dataset/midi/Frederic_Chopin/MIDI-Unprocessed_09_R2_2008_01-05_ORIG_MID--AUDIO_09_R2_2008_wav--2.midi
Frederic Chopin,MIDI-Unprocessed_R1_D2-13-20_mid--AUDIO-from_mp3_19_R1_2015_wav--3.midi,train,dataset/midi/Frederic_Chopin/MIDI-Unprocessed_R1_D2-13-20_mid--AUDIO-from_mp3_19_R1_2015_wav--3.midi
Frederic Chopin,ORIG-MIDI_01_7_6_13_Group__MID--AUDIO_03_R1_2013_wav--3.midi,train,dataset/midi/Frederic_Chopin/ORIG-MIDI_01_7_6_13_Group__MID--AUDIO_03_R1_2013_wav--3.midi
Frederic Chopin,MIDI-Unprocessed_03_R1_2011_MID--AUDIO_R1-D1_17_Track17_wav.midi,train,dataset/midi/Frederic_Chopin/MIDI-Unprocessed_03_R1_2011_MID--AUDIO_R1-D1_17_Track17_wav.midi
Frederic Chopin,MIDI-Unprocessed_06_R1_2011_MID--AUDIO_R1-D2_16_Track16_wav.midi,train,dataset/midi/Frederic_Chopin/MIDI-Unprocessed_06_R1_2011_MID--AUDIO_R1-D2_16_Track16_wav.midi
Frederic Chopin,MIDI-UNPROCESSED_16-18_R1_2014_MID--AUDIO_18_R1_2014_wav--4.midi,train,dataset/midi/Frederic_Chopin/MIDI-UNPROCESSED_16-18_R1_2014_MID--AUDIO_18_R1_2014_wav--4.midi
Frederic Chopin,MIDI-UNPROCESSED_16-18_R1_2014_MID--AUDIO_18_R1_2014_wav--3.midi,train,dataset/midi/Frederic_Chopin/MIDI-UNPROCESSED_16-18_R1_2014_MID--AUDIO_18_R1_2014_wav--3.midi
Frederic Chopin,MIDI-Unprocessed_24_R1_2011_MID--AUDIO_R1-D9_10_Track10_wav.midi,train,dataset/midi/Frederic_Chopin/MIDI-Unprocessed_24_R1_2011_MID--AUDIO_R1-D9_10_Track10_wav.midi
Frederic Chopin,MIDI-Unprocessed_24_R1_2011_MID--AUDIO_R1-D9_11_Track11_wav.midi,test,dataset/midi/Frederic_Chopin/MIDI-Unprocessed_24_R1_2011_MID--AUDIO_R1-D9_11_Track11_wav.midi
Frederic Chopin,ORIG-MIDI_01_7_8_13_Group__MID--AUDIO_03_R2_2013_wav--1.midi,train,dataset/midi/Frederic_Chopin/ORIG-MIDI_01_7_8_13_Group__MID--AUDIO_03_R2_2013_wav--1.midi
Frederic Chopin,MIDI-Unprocessed_061_PIANO061_MID--AUDIO-split_07-07-17_Piano-e_2-05_wav--3.midi,validation,dataset/midi/Frederic_Chopin/MIDI-Unprocessed_061_PIANO061_MID--AUDIO-split_07-07-17_Piano-e_2-05_wav--3.midi
Frederic Chopin,MIDI-Unprocessed_06_R1_2009_03-07_ORIG_MID--AUDIO_06_R1_2009_06_R1_2009_06_WAV.midi,validation,dataset/midi/Frederic_Chopin/MIDI-Unprocessed_06_R1_2009_03-07_ORIG_MID--AUDIO_06_R1_2009_06_R1_2009_06_WAV.midi
Frederic Chopin,ORIG-MIDI_01_7_7_13_Group__MID--AUDIO_11_R1_2013_wav--3.midi,train,dataset/midi/Frederic_Chopin/ORIG-MIDI_01_7_7_13_Group__MID--AUDIO_11_R1_2013_wav--3.midi
Frederic Chopin,MIDI-Unprocessed_12_R3_2011_MID--AUDIO_R3-D4_02_Track02_wav.midi,validation,dataset/midi/Frederic_Chopin/MIDI-Unprocessed_12_R3_2011_MID--AUDIO_R3-D4_02_Track02_wav.midi
Frederic Chopin,ORIG-MIDI_02_7_7_13_Group__MID--AUDIO_16_R1_2013_wav--3.midi,train,dataset/midi/Frederic_Chopin/ORIG-MIDI_02_7_7_13_Group__MID--AUDIO_16_R1_2013_wav--3.midi
Frederic Chopin,MIDI-Unprocessed_07_R2_2008_01-05_ORIG_MID--AUDIO_07_R2_2008_wav--3.midi,validation,dataset/midi/Frederic_Chopin/MIDI-Unprocessed_07_R2_2008_01-05_ORIG_MID--AUDIO_07_R2_2008_wav--3.midi
Frederic Chopin,MIDI-UNPROCESSED_04-05_R1_2014_MID--AUDIO_05_R1_2014_wav--5.midi,validation,dataset/midi/Frederic_Chopin/MIDI-UNPROCESSED_04-05_R1_2014_MID--AUDIO_05_R1_2014_wav--5.midi
Frederic Chopin,MIDI-Unprocessed_07_R2_2008_01-05_ORIG_MID--AUDIO_07_R2_2008_wav--2.midi,validation,dataset/midi/Frederic_Chopin/MIDI-Unprocessed_07_R2_2008_01-05_ORIG_MID--AUDIO_07_R2_2008_wav--2.midi
Frederic Chopin,MIDI-UNPROCESSED_04-08-12_R3_2014_MID--AUDIO_12_R3_2014_wav--2.midi,validation,dataset/midi/Frederic_Chopin/MIDI-UNPROCESSED_04-08-12_R3_2014_MID--AUDIO_12_R3_2014_wav--2.midi
Frederic Chopin,MIDI-Unprocessed_R1_D1-9-12_mid--AUDIO-from_mp3_12_R1_2015_wav--3.midi,test,dataset/midi/Frederic_Chopin/MIDI-Unprocessed_R1_D1-9-12_mid--AUDIO-from_mp3_12_R1_2015_wav--3.midi
Frederic Chopin,MIDI-Unprocessed_22_R2_2011_MID--AUDIO_R2-D5_10_Track10_wav.midi,test,dataset/midi/Frederic_Chopin/MIDI-Unprocessed_22_R2_2011_MID--AUDIO_R2-D5_10_Track10_wav.midi
Frederic Chopin,MIDI-Unprocessed_R1_D2-21-22_mid--AUDIO-from_mp3_22_R1_2015_wav--4.midi,validation,dataset/midi/Frederic_Chopin/MIDI-Unprocessed_R1_D2-21-22_mid--AUDIO-from_mp3_22_R1_2015_wav--4.midi
Frederic Chopin,MIDI-Unprocessed_058_PIANO058_MID--AUDIO-split_07-07-17_Piano-e_2-02_wav--4.midi,validation,dataset/midi/Frederic_Chopin/MIDI-Unprocessed_058_PIANO058_MID--AUDIO-split_07-07-17_Piano-e_2-02_wav--4.midi
Frederic Chopin,MIDI-Unprocessed_02_R2_2011_MID--AUDIO_R2-D1_03_Track03_wav.midi,validation,dataset/midi/Frederic_Chopin/MIDI-Unprocessed_02_R2_2011_MID--AUDIO_R2-D1_03_Track03_wav.midi
Frederic Chopin,MIDI-Unprocessed_R1_D1-1-8_mid--AUDIO-from_mp3_01_R1_2015_wav--2.midi,validation,dataset/midi/Frederic_Chopin/MIDI-Unprocessed_R1_D1-1-8_mid--AUDIO-from_mp3_01_R1_2015_wav--2.midi
Frederic Chopin,MIDI-Unprocessed_R1_D1-1-8_mid--AUDIO-from_mp3_04_R1_2015_wav--3.midi,validation,dataset/midi/Frederic_Chopin/MIDI-Unprocessed_R1_D1-1-8_mid--AUDIO-from_mp3_04_R1_2015_wav--3.midi
Frederic Chopin,MIDI-Unprocessed_072_PIANO072_MID--AUDIO-split_07-08-17_Piano-e_1-06_wav--3.midi,validation,dataset/midi/Frederic_Chopin/MIDI-Unprocessed_072_PIANO072_MID--AUDIO-split_07-08-17_Piano-e_1-06_wav--3.midi
Frederic Chopin,MIDI-Unprocessed_06_R1_2009_03-07_ORIG_MID--AUDIO_06_R1_2009_06_R1_2009_05_WAV.midi,validation,dataset/midi/Frederic_Chopin/MIDI-Unprocessed_06_R1_2009_03-07_ORIG_MID--AUDIO_06_R1_2009_06_R1_2009_05_WAV.midi
Frederic Chopin,MIDI-Unprocessed_06_R3_2011_MID--AUDIO_R3-D3_05_Track05_wav.midi,validation,dataset/midi/Frederic_Chopin/MIDI-Unprocessed_06_R3_2011_MID--AUDIO_R3-D3_05_Track05_wav.midi
Frederic Chopin,MIDI-Unprocessed_02_R1_2009_03-06_ORIG_MID--AUDIO_02_R1_2009_02_R1_2009_03_WAV.midi,test,dataset/midi/Frederic_Chopin/MIDI-Unprocessed_02_R1_2009_03-06_ORIG_MID--AUDIO_02_R1_2009_02_R1_2009_03_WAV.midi
Frederic Chopin,MIDI-UNPROCESSED_01-03_R1_2014_MID--AUDIO_03_R1_2014_wav--4.midi,test,dataset/midi/Frederic_Chopin/MIDI-UNPROCESSED_01-03_R1_2014_MID--AUDIO_03_R1_2014_wav--4.midi
Frederic Chopin,MIDI-Unprocessed_16_R1_2008_01-04_ORIG_MID--AUDIO_16_R1_2008_wav--3.midi,validation,dataset/midi/Frederic_Chopin/MIDI-Unprocessed_16_R1_2008_01-04_ORIG_MID--AUDIO_16_R1_2008_wav--3.midi
Frederic Chopin,MIDI-UNPROCESSED_04-05_R1_2014_MID--AUDIO_05_R1_2014_wav--6.midi,train,dataset/midi/Frederic_Chopin/MIDI-UNPROCESSED_04-05_R1_2014_MID--AUDIO_05_R1_2014_wav--6.midi
Frederic Chopin,MIDI-Unprocessed_057_PIANO057_MID--AUDIO-split_07-07-17_Piano-e_1-07_wav--3.midi,test,dataset/midi/Frederic_Chopin/MIDI-Unprocessed_057_PIANO057_MID--AUDIO-split_07-07-17_Piano-e_1-07_wav--3.midi
Frederic Chopin,MIDI-Unprocessed_19_R1_2006_01-07_ORIG_MID--AUDIO_19_R1_2006_06_Track06_wav.midi,validation,dataset/midi/Frederic_Chopin/MIDI-Unprocessed_19_R1_2006_01-07_ORIG_MID--AUDIO_19_R1_2006_06_Track06_wav.midi
Frederic Chopin,MIDI-Unprocessed_19_R1_2006_01-07_ORIG_MID--AUDIO_19_R1_2006_07_Track07_wav.midi,validation,dataset/midi/Frederic_Chopin/MIDI-Unprocessed_19_R1_2006_01-07_ORIG_MID--AUDIO_19_R1_2006_07_Track07_wav.midi
Frederic Chopin,ORIG-MIDI_03_7_8_13_Group__MID--AUDIO_18_R2_2013_wav--3.midi,validation,dataset/midi/Frederic_Chopin/ORIG-MIDI_03_7_8_13_Group__MID--AUDIO_18_R2_2013_wav--3.midi
Frederic Chopin,MIDI-Unprocessed_17_R2_2008_01-04_ORIG_MID--AUDIO_17_R2_2008_wav--1.midi,test,dataset/midi/Frederic_Chopin/MIDI-Unprocessed_17_R2_2008_01-04_ORIG_MID--AUDIO_17_R2_2008_wav--1.midi
Frederic Chopin,MIDI-Unprocessed_09_R2_2008_01-05_ORIG_MID--AUDIO_09_R2_2008_wav--3.midi,test,dataset/midi/Frederic_Chopin/MIDI-Unprocessed_09_R2_2008_01-05_ORIG_MID--AUDIO_09_R2_2008_wav--3.midi
Frederic Chopin,MIDI-Unprocessed_15_R1_2006_01-05_ORIG_MID--AUDIO_15_R1_2006_02_Track02_wav.midi,test,dataset/midi/Frederic_Chopin/MIDI-Unprocessed_15_R1_2006_01-05_ORIG_MID--AUDIO_15_R1_2006_02_Track02_wav.midi
Frederic Chopin,ORIG-MIDI_03_7_8_13_Group__MID--AUDIO_19_R2_2013_wav--4.midi,test,dataset/midi/Frederic_Chopin/ORIG-MIDI_03_7_8_13_Group__MID--AUDIO_19_R2_2013_wav--4.midi
Frederic Chopin,MIDI-Unprocessed_22_R2_2011_MID--AUDIO_R2-D5_11_Track11_wav.midi,test,dataset/midi/Frederic_Chopin/MIDI-Unprocessed_22_R2_2011_MID--AUDIO_R2-D5_11_Track11_wav.midi
Frederic Chopin,MIDI-Unprocessed_17_R1_2006_01-06_ORIG_MID--AUDIO_17_R1_2006_02_Track02_wav.midi,test,dataset/midi/Frederic_Chopin/MIDI-Unprocessed_17_R1_2006_01-06_ORIG_MID--AUDIO_17_R1_2006_02_Track02_wav.midi
Frederic Chopin,MIDI-Unprocessed_12_R1_2008_01-04_ORIG_MID--AUDIO_12_R1_2008_wav--4.midi,test,dataset/midi/Frederic_Chopin/MIDI-Unprocessed_12_R1_2008_01-04_ORIG_MID--AUDIO_12_R1_2008_wav--4.midi
Frederic Chopin,MIDI-Unprocessed_01_R1_2009_01-04_ORIG_MID--AUDIO_01_R1_2009_01_R1_2009_04_WAV.midi,test,dataset/midi/Frederic_Chopin/MIDI-Unprocessed_01_R1_2009_01-04_ORIG_MID--AUDIO_01_R1_2009_01_R1_2009_04_WAV.midi
Frederic Chopin,MIDI-Unprocessed_07_R1_2009_01-03_ORIG_MID--AUDIO_07_R1_2009_07_R1_2009_03_WAV.midi,test,dataset/midi/Frederic_Chopin/MIDI-Unprocessed_07_R1_2009_01-03_ORIG_MID--AUDIO_07_R1_2009_07_R1_2009_03_WAV.midi
Frederic Chopin,MIDI-Unprocessed_R1_D1-1-8_mid--AUDIO-from_mp3_02_R1_2015_wav--5.midi,train,dataset/midi/Frederic_Chopin/MIDI-Unprocessed_R1_D1-1-8_mid--AUDIO-from_mp3_02_R1_2015_wav--5.midi
Frederic Chopin,MIDI-Unprocessed_17_R1_2009_04_ORIG_MID--AUDIO_17_R1_2009_17_R1_2009_04_WAV.midi,train,dataset/midi/Frederic_Chopin/MIDI-Unprocessed_17_R1_2009_04_ORIG_MID--AUDIO_17_R1_2009_17_R1_2009_04_WAV.midi
Frederic Chopin,MIDI-Unprocessed_19_R1_2011_MID--AUDIO_R1-D7_15_Track15_wav.midi,test,dataset/midi/Frederic_Chopin/MIDI-Unprocessed_19_R1_2011_MID--AUDIO_R1-D7_15_Track15_wav.midi
Frederic Chopin,ORIG-MIDI_01_7_6_13_Group__MID--AUDIO_04_R1_2013_wav--4.midi,test,dataset/midi/Frederic_Chopin/ORIG-MIDI_01_7_6_13_Group__MID--AUDIO_04_R1_2013_wav--4.midi
Frederic Chopin,MIDI-Unprocessed_01_R1_2011_MID--AUDIO_R1-D1_06_Track06_wav.midi,validation,dataset/midi/Frederic_Chopin/MIDI-Unprocessed_01_R1_2011_MID--AUDIO_R1-D1_06_Track06_wav.midi
Frederic Chopin,MIDI-Unprocessed_07_R1_2011_MID--AUDIO_R1-D3_05_Track05_wav.midi,validation,dataset/midi/Frederic_Chopin/MIDI-Unprocessed_07_R1_2011_MID--AUDIO_R1-D3_05_Track05_wav.midi
Frederic Chopin,ORIG-MIDI_03_7_6_13_Group__MID--AUDIO_10_R1_2013_wav--4.midi,validation,dataset/midi/Frederic_Chopin/ORIG-MIDI_03_7_6_13_Group__MID--AUDIO_10_R1_2013_wav--4.midi
Frederic Chopin,MIDI-UNPROCESSED_06-08_R1_2014_MID--AUDIO_07_R1_2014_wav--3.midi,train,dataset/midi/Frederic_Chopin/MIDI-UNPROCESSED_06-08_R1_2014_MID--AUDIO_07_R1_2014_wav--3.midi
Frederic Chopin,MIDI-Unprocessed_R1_D1-1-8_mid--AUDIO-from_mp3_07_R1_2015_wav--4.midi,train,dataset/midi/Frederic_Chopin/MIDI-Unprocessed_R1_D1-1-8_mid--AUDIO-from_mp3_07_R1_2015_wav--4.midi
Frederic Chopin,MIDI-Unprocessed_056_PIANO056_MID--AUDIO-split_07-07-17_Piano-e_1-05_wav--4.midi,train,dataset/midi/Frederic_Chopin/MIDI-Unprocessed_056_PIANO056_MID--AUDIO-split_07-07-17_Piano-e_1-05_wav--4.midi
Frederic Chopin,MIDI-Unprocessed_057_PIANO057_MID--AUDIO-split_07-07-17_Piano-e_1-07_wav--5.midi,train,dataset/midi/Frederic_Chopin/MIDI-Unprocessed_057_PIANO057_MID--AUDIO-split_07-07-17_Piano-e_1-07_wav--5.midi
Frederic Chopin,MIDI-Unprocessed_10_R1_2008_01-04_ORIG_MID--AUDIO_10_R1_2008_wav--3.midi,train,dataset/midi/Frederic_Chopin/MIDI-Unprocessed_10_R1_2008_01-04_ORIG_MID--AUDIO_10_R1_2008_wav--3.midi
Frederic Chopin,MIDI-Unprocessed_R1_D2-13-20_mid--AUDIO-from_mp3_16_R1_2015_wav--4.midi,train,dataset/midi/Frederic_Chopin/MIDI-Unprocessed_R1_D2-13-20_mid--AUDIO-from_mp3_16_R1_2015_wav--4.midi
Frederic Chopin,MIDI-Unprocessed_R1_D2-13-20_mid--AUDIO-from_mp3_20_R1_2015_wav--4.midi,train,dataset/midi/Frederic_Chopin/MIDI-Unprocessed_R1_D2-13-20_mid--AUDIO-from_mp3_20_R1_2015_wav--4.midi
Frederic Chopin,MIDI-Unprocessed_R2_D1-2-3-6-7-8-11_mid--AUDIO-from_mp3_06_R2_2015_wav--4.midi,train,dataset/midi/Frederic_Chopin/MIDI-Unprocessed_R2_D1-2-3-6-7-8-11_mid--AUDIO-from_mp3_06_R2_2015_wav--4.midi
Frederic Chopin,MIDI-Unprocessed_R2_D2-19-21-22_mid--AUDIO-from_mp3_22_R2_2015_wav--3.midi,train,dataset/midi/Frederic_Chopin/MIDI-Unprocessed_R2_D2-19-21-22_mid--AUDIO-from_mp3_22_R2_2015_wav--3.midi
Frederic Chopin,MIDI-Unprocessed_062_PIANO062_MID--AUDIO-split_07-07-17_Piano-e_2-07_wav--4.midi,train,dataset/midi/Frederic_Chopin/MIDI-Unprocessed_062_PIANO062_MID--AUDIO-split_07-07-17_Piano-e_2-07_wav--4.midi
Frederic Chopin,MIDI-Unprocessed_06_R1_2009_03-07_ORIG_MID--AUDIO_06_R1_2009_06_R1_2009_07_WAV.midi,train,dataset/midi/Frederic_Chopin/MIDI-Unprocessed_06_R1_2009_03-07_ORIG_MID--AUDIO_06_R1_2009_06_R1_2009_07_WAV.midi
Frederic Chopin,MIDI-Unprocessed_01_R1_2006_01-09_ORIG_MID--AUDIO_01_R1_2006_05_Track05_wav.midi,train,dataset/midi/Frederic_Chopin/MIDI-Unprocessed_01_R1_2006_01-09_ORIG_MID--AUDIO_01_R1_2006_05_Track05_wav.midi
Frederic Chopin,MIDI-Unprocessed_R1_D1-1-8_mid--AUDIO-from_mp3_05_R1_2015_wav--5.midi,train,dataset/midi/Frederic_Chopin/MIDI-Unprocessed_R1_D1-1-8_mid--AUDIO-from_mp3_05_R1_2015_wav--5.midi
Frederic Chopin,MIDI-Unprocessed_23_R1_2011_MID--AUDIO_R1-D9_04_Track04_wav.midi,train,dataset/midi/Frederic_Chopin/MIDI-Unprocessed_23_R1_2011_MID--AUDIO_R1-D9_04_Track04_wav.midi
Frederic Chopin,MIDI-Unprocessed_XP_10_R1_2004_03-04_ORIG_MID--AUDIO_10_R1_2004_03_Track03_wav.midi,train,dataset/midi/Frederic_Chopin/MIDI-Unprocessed_XP_10_R1_2004_03-04_ORIG_MID--AUDIO_10_R1_2004_03_Track03_wav.midi
Frederic Chopin,MIDI-Unprocessed_16_R1_2009_01-02_ORIG_MID--AUDIO_16_R1_2009_16_R1_2009_02_WAV.midi,train,dataset/midi/Frederic_Chopin/MIDI-Unprocessed_16_R1_2009_01-02_ORIG_MID--AUDIO_16_R1_2009_16_R1_2009_02_WAV.midi
Frederic Chopin,MIDI-Unprocessed_08_R2_2008_01-04_ORIG_MID--AUDIO_08_R2_2008_wav--1.midi,train,dataset/midi/Frederic_Chopin/MIDI-Unprocessed_08_R2_2008_01-04_ORIG_MID--AUDIO_08_R2_2008_wav--1.midi
Frederic Chopin,MIDI-UNPROCESSED_06-08_R1_2014_MID--AUDIO_07_R1_2014_wav--4.midi,train,dataset/midi/Frederic_Chopin/MIDI-UNPROCESSED_06-08_R1_2014_MID--AUDIO_07_R1_2014_wav--4.midi
Frederic Chopin,MIDI-Unprocessed_R1_D2-13-20_mid--AUDIO-from_mp3_15_R1_2015_wav--5.midi,train,dataset/midi/Frederic_Chopin/MIDI-Unprocessed_R1_D2-13-20_mid--AUDIO-from_mp3_15_R1_2015_wav--5.midi
Frederic Chopin,ORIG-MIDI_03_7_6_13_Group__MID--AUDIO_09_R1_2013_wav--4.midi,train,dataset/midi/Frederic_Chopin/ORIG-MIDI_03_7_6_13_Group__MID--AUDIO_09_R1_2013_wav--4.midi
Frederic Chopin,MIDI-Unprocessed_041_PIANO041_MID--AUDIO-split_07-06-17_Piano-e_1-01_wav--4.midi,train,dataset/midi/Frederic_Chopin/MIDI-Unprocessed_041_PIANO041_MID--AUDIO-split_07-06-17_Piano-e_1-01_wav--4.midi
Frederic Chopin,MIDI-Unprocessed_044_PIANO044_MID--AUDIO-split_07-06-17_Piano-e_1-04_wav--4.midi,train,dataset/midi/Frederic_Chopin/MIDI-Unprocessed_044_PIANO044_MID--AUDIO-split_07-06-17_Piano-e_1-04_wav--4.midi
Frederic Chopin,MIDI-Unprocessed_048_PIANO048_MID--AUDIO-split_07-06-17_Piano-e_2-05_wav--4.midi,train,dataset/midi/Frederic_Chopin/MIDI-Unprocessed_048_PIANO048_MID--AUDIO-split_07-06-17_Piano-e_2-05_wav--4.midi
Frederic Chopin,MIDI-Unprocessed_053_PIANO053_MID--AUDIO-split_07-06-17_Piano-e_3-04_wav--4.midi,train,dataset/midi/Frederic_Chopin/MIDI-Unprocessed_053_PIANO053_MID--AUDIO-split_07-06-17_Piano-e_3-04_wav--4.midi
Frederic Chopin,MIDI-Unprocessed_07_R1_2006_01-04_ORIG_MID--AUDIO_07_R1_2006_03_Track03_wav.midi,train,dataset/midi/Frederic_Chopin/MIDI-Unprocessed_07_R1_2006_01-04_ORIG_MID--AUDIO_07_R1_2006_03_Track03_wav.midi
Frederic Chopin,MIDI-Unprocessed_Recital5-7_MID--AUDIO_06_R1_2018_wav--3.midi,test,dataset/midi/Frederic_Chopin/MIDI-Unprocessed_Recital5-7_MID--AUDIO_06_R1_2018_wav--3.midi
Frederic Chopin,ORIG-MIDI_02_7_10_13_Group_MID--AUDIO_14_R3_2013_wav--2.midi,test,dataset/midi/Frederic_Chopin/ORIG-MIDI_02_7_10_13_Group_MID--AUDIO_14_R3_2013_wav--2.midi
Frederic Chopin,MIDI-Unprocessed_20_R1_2006_01-04_ORIG_MID--AUDIO_20_R1_2006_04_Track04_wav.midi,train,dataset/midi/Frederic_Chopin/MIDI-Unprocessed_20_R1_2006_01-04_ORIG_MID--AUDIO_20_R1_2006_04_Track04_wav.midi
Frederic Chopin,MIDI-Unprocessed_XP_09_R1_2004_05_ORIG_MID--AUDIO_09_R1_2004_06_Track06_wav.midi,train,dataset/midi/Frederic_Chopin/MIDI-Unprocessed_XP_09_R1_2004_05_ORIG_MID--AUDIO_09_R1_2004_06_Track06_wav.midi
Frederic Chopin,MIDI-Unprocessed_XP_09_R1_2004_05_ORIG_MID--AUDIO_09_R1_2004_07_Track07_wav.midi,train,dataset/midi/Frederic_Chopin/MIDI-Unprocessed_XP_09_R1_2004_05_ORIG_MID--AUDIO_09_R1_2004_07_Track07_wav.midi
Frederic Chopin,MIDI-Unprocessed_XP_09_R1_2004_05_ORIG_MID--AUDIO_09_R1_2004_08_Track08_wav.midi,train,dataset/midi/Frederic_Chopin/MIDI-Unprocessed_XP_09_R1_2004_05_ORIG_MID--AUDIO_09_R1_2004_08_Track08_wav.midi
Frederic Chopin,MIDI-Unprocessed_Recital13-15_MID--AUDIO_13_R1_2018_wav--3.midi,train,dataset/midi/Frederic_Chopin/MIDI-Unprocessed_Recital13-15_MID--AUDIO_13_R1_2018_wav--3.midi
Frederic Chopin,MIDI-Unprocessed_Chamber5_MID--AUDIO_18_R3_2018_wav--1.midi,train,dataset/midi/Frederic_Chopin/MIDI-Unprocessed_Chamber5_MID--AUDIO_18_R3_2018_wav--1.midi
Frederic Chopin,MIDI-UNPROCESSED_06-08_R1_2014_MID--AUDIO_06_R1_2014_wav--2.midi,train,dataset/midi/Frederic_Chopin/MIDI-UNPROCESSED_06-08_R1_2014_MID--AUDIO_06_R1_2014_wav--2.midi
Frederic Chopin,MIDI-UNPROCESSED_21-22_R1_2014_MID--AUDIO_22_R1_2014_wav--5.midi,train,dataset/midi/Frederic_Chopin/MIDI-UNPROCESSED_21-22_R1_2014_MID--AUDIO_22_R1_2014_wav--5.midi
Frederic Chopin,ORIG-MIDI_03_7_8_13_Group__MID--AUDIO_18_R2_2013_wav--4.midi,train,dataset/midi/Frederic_Chopin/ORIG-MIDI_03_7_8_13_Group__MID--AUDIO_18_R2_2013_wav--4.midi
Frederic Chopin,MIDI-Unprocessed_052_PIANO052_MID--AUDIO-split_07-06-17_Piano-e_3-03_wav--5.midi,train,dataset/midi/Frederic_Chopin/MIDI-Unprocessed_052_PIANO052_MID--AUDIO-split_07-06-17_Piano-e_3-03_wav--5.midi
Frederic Chopin,MIDI-Unprocessed_XP_18_R1_2004_04_ORIG_MID--AUDIO_18_R1_2004_07_Track07_wav.midi,train,dataset/midi/Frederic_Chopin/MIDI-Unprocessed_XP_18_R1_2004_04_ORIG_MID--AUDIO_18_R1_2004_07_Track07_wav.midi
Frederic Chopin,MIDI-Unprocessed_11_R1_2011_MID--AUDIO_R1-D4_10_Track10_wav.midi,train,dataset/midi/Frederic_Chopin/MIDI-Unprocessed_11_R1_2011_MID--AUDIO_R1-D4_10_Track10_wav.midi
Frederic Chopin,MIDI-Unprocessed_11_R1_2011_MID--AUDIO_R1-D4_11_Track11_wav.midi,train,dataset/midi/Frederic_Chopin/MIDI-Unprocessed_11_R1_2011_MID--AUDIO_R1-D4_11_Track11_wav.midi
Frederic Chopin,MIDI-Unprocessed_R1_D2-13-20_mid--AUDIO-from_mp3_15_R1_2015_wav--4.midi,test,dataset/midi/Frederic_Chopin/MIDI-Unprocessed_R1_D2-13-20_mid--AUDIO-from_mp3_15_R1_2015_wav--4.midi
Frederic Chopin,MIDI-Unprocessed_07_R1_2009_01-03_ORIG_MID--AUDIO_07_R1_2009_07_R1_2009_02_WAV.midi,validation,dataset/midi/Frederic_Chopin/MIDI-Unprocessed_07_R1_2009_01-03_ORIG_MID--AUDIO_07_R1_2009_07_R1_2009_02_WAV.midi
